{
  "cagr": 0.5275634881962667,
  "mdd": -0.3313591393306079,
  "sharpe": 1.2768060340905132,
  "final_equity": 1514736024.2344704,
  "avg_turnover": 0.3157208992933063
}