{
  "cagr": 0.43008460721641817,
  "mdd": -0.35058391940090405,
  "sharpe": 1.0623282983064986,
  "final_equity": 880674389.7642841,
  "avg_turnover": 0.35249821912042484
}