{
  "cagr": 0.7252918022800805,
  "mdd": -0.33239825527418376,
  "sharpe": 1.1605035168194489,
  "final_equity": 1555198765.8686843,
  "avg_turnover": 0.3469683972879926
}