{
  "cagr": 0.646431796945083,
  "mdd": -0.28899292003434385,
  "sharpe": 1.6754468798434277,
  "final_equity": 2578389099.2514453,
  "avg_turnover": 0.30063004860522363
}