{
  "cagr": 0.5702353372378943,
  "mdd": -0.42405677308330847,
  "sharpe": 1.2959533232386,
  "final_equity": 1570385363.825406,
  "avg_turnover": 0.34760495744717035
}