{
  "cagr": 0.6095657393452165,
  "mdd": -0.3900380495039958,
  "sharpe": 1.5460713997504807,
  "final_equity": 1833279542.2486796,
  "avg_turnover": 0.33811661530043774
}