{
  "cagr": 0.8674224906030377,
  "mdd": -0.3824345356740608,
  "sharpe": 1.5880045794455975,
  "final_equity": 4568686451.260188,
  "avg_turnover": 0.35897147799426454
}