{
  "cagr": 0.5985126003034194,
  "mdd": -0.4791870692905198,
  "sharpe": 1.3343956410488846,
  "final_equity": 1568420707.9989152,
  "avg_turnover": 0.35261775389380495
}