{
  "cagr": 0.7613379981151034,
  "mdd": -0.3703551369302377,
  "sharpe": 1.621473688769328,
  "final_equity": 3081468874.6876764,
  "avg_turnover": 0.3469680121885534
}