{
  "cagr": 0.5959513270192163,
  "mdd": -0.25775208426500895,
  "sharpe": 1.6527232149661486,
  "final_equity": 1999812410.150993,
  "avg_turnover": 0.30310297133269526
}