{
  "cagr": 0.7169396293893013,
  "mdd": -0.27407880591139533,
  "sharpe": 2.1403498837194626,
  "final_equity": 3451523531.167266,
  "avg_turnover": 0.25658754644813403
}