{
  "cagr": 0.8822433507312379,
  "mdd": -0.3156689385511854,
  "sharpe": 1.9143382742922523,
  "final_equity": 5498021361.584545,
  "avg_turnover": 0.27111144635951545
}