{
  "cagr": 0.6832312447154436,
  "mdd": -0.19380651126549864,
  "sharpe": 1.6351267430653327,
  "final_equity": 2062091679.32196,
  "avg_turnover": 0.31195421046183447
}