{
  "cagr": 0.6224655581319074,
  "mdd": -0.41088090045687686,
  "sharpe": 1.5099124991270043,
  "final_equity": 2106634264.5420337,
  "avg_turnover": 0.33359148952120626
}