{
  "cagr": 0.5458067107160285,
  "mdd": -0.2946839629172523,
  "sharpe": 1.2980584391949028,
  "final_equity": 1384377609.2007146,
  "avg_turnover": 0.35295179500632196
}