{
  "cagr": 0.8379727939251369,
  "mdd": -0.30664495565632033,
  "sharpe": 1.9339053352120377,
  "final_equity": 4499106902.292189,
  "avg_turnover": 0.25912758350118553
}