{
  "cagr": 0.6175702813000352,
  "mdd": -0.3316070249561922,
  "sharpe": 1.4906936619330102,
  "final_equity": 2024804145.8297868,
  "avg_turnover": 0.32200994375079384
}