{
  "cagr": 0.6790250015292176,
  "mdd": -0.357369490301345,
  "sharpe": 1.6723303685209288,
  "final_equity": 2577833398.7001734,
  "avg_turnover": 0.3309507887144447
}