{
  "cagr": 0.7408381948268652,
  "mdd": -0.5515257111002072,
  "sharpe": 1.1126172674143036,
  "final_equity": 1734500045.4474254,
  "avg_turnover": 0.3568906068442783
}