{
  "cagr": 0.8483088504712653,
  "mdd": -0.47367043671087594,
  "sharpe": 1.1644137402383425,
  "final_equity": 2536942045.393474,
  "avg_turnover": 0.35687617185363935
}