{
  "performance_xlsx": "results\\emp008_runs\\origin_emp008\\comparison\\performance.xlsx",
  "cumulative_png": "results\\emp008_runs\\origin_emp008\\comparison\\cumulative_excess_drawdown.png",
  "monthly_excess_heatmap_png": "results\\emp008_runs\\origin_emp008\\comparison\\monthly_excess_heatmap.png",
  "active_weight_sum_png": "results\\emp008_runs\\origin_emp008\\comparison\\active_weight_sum.png",
  "active_weight_sum_csv": "results\\emp008_runs\\origin_emp008\\comparison\\active_weight_sum.csv",
  "active_weight_sum_xlsx": "results\\emp008_runs\\origin_emp008\\comparison\\active_weight_sum.xlsx",
  "metrics": {
    "Gross": {
      "cagr_pct": 57.9948780046,
      "annual_vol_pct": 27.4975005461,
      "sharpe": 1.8024829039,
      "max_drawdown_pct": -24.1293921436,
      "total_return_pct": 351.0874044576,
      "best_month_pct": 9.9427512916,
      "worst_month_pct": -11.9797454992,
      "positive_month_rate_pct": 56.265060241
    },
    "Costed": {
      "cagr_pct": 57.7408752077,
      "annual_vol_pct": 27.5029010795,
      "sharpe": 1.7963224865,
      "max_drawdown_pct": -24.2424195309,
      "total_return_pct": 348.7032584606,
      "best_month_pct": 9.9430282616,
      "worst_month_pct": -11.9797663262,
      "positive_month_rate_pct": 56.265060241
    },
    "KOSPI200 BM": {
      "cagr_pct": 56.2708165559,
      "annual_vol_pct": 27.4290117102,
      "sharpe": 1.76624883,
      "max_drawdown_pct": -23.5847636254,
      "total_return_pct": 335.0769127201,
      "best_month_pct": 9.8349608214,
      "worst_month_pct": -11.9397253898,
      "positive_month_rate_pct": 55.6626506024
    }
  },
  "active_metrics": {
    "Gross excess": {
      "cagr_pct": 1.1142674585,
      "annual_vol_pct": 1.3613641316,
      "sharpe": 0.8207317689,
      "max_drawdown_pct": -1.3512801618,
      "total_return_pct": 3.7171313614,
      "best_month_pct": 2.0162240399,
      "worst_month_pct": -0.279853092,
      "positive_month_rate_pct": 51.4457831325
    },
    "Costed excess": {
      "cagr_pct": 0.9529285064,
      "annual_vol_pct": 1.361363631,
      "sharpe": 0.7034269091,
      "max_drawdown_pct": -1.500670972,
      "total_return_pct": 3.1730548838,
      "best_month_pct": 2.0162240399,
      "worst_month_pct": -0.2796465367,
      "positive_month_rate_pct": 51.2048192771
    }
  },
  "excess_summary_bps": {
    "Gross excess": {
      "total_excess_bp": 371.7131361416,
      "annualized_excess_bp": 111.4267458487,
      "monthly_mean_excess_bp": 8.770386779,
      "monthly_median_excess_bp": 2.6736951828,
      "best_month_excess_bp": 201.6224039853,
      "worst_month_excess_bp": -46.0158662157,
      "positive_month_rate_pct": 54.7619047619,
      "annualized_tracking_error_bp": 136.1364131552,
      "information_ratio": 0.8184933279
    },
    "Costed excess": {
      "total_excess_bp": 317.3054883759,
      "annualized_excess_bp": 95.2928506389,
      "monthly_mean_excess_bp": 7.5179921319,
      "monthly_median_excess_bp": 1.3959530454,
      "best_month_excess_bp": 201.6224039853,
      "worst_month_excess_bp": -46.9502128585,
      "positive_month_rate_pct": 54.7619047619,
      "annualized_tracking_error_bp": 136.136363105,
      "information_ratio": 0.6999808755
    }
  },
  "active_weight_sum": {
    "rows": 41,
    "sum_abs_active_weight_mean_pct": 15.665651233845404,
    "sum_abs_active_weight_median_pct": 15.965096429145358,
    "sum_abs_active_weight_min_pct": 11.793767491386253,
    "sum_abs_active_weight_max_pct": 20.866479743987355,
    "active_share_mean_pct": 7.832825616922702,
    "active_share_median_pct": 7.982548214572679,
    "active_share_min_pct": 5.896883745693127,
    "active_share_max_pct": 10.433239871993678
  }
}