{
  "cagr": 0.6772174784681853,
  "mdd": -0.3759109314179373,
  "sharpe": 1.4317603215280212,
  "final_equity": 2700523702.4682293,
  "avg_turnover": 0.31098484129252313
}