{
  "cagr": 0.658940865610903,
  "mdd": -0.3983489042439533,
  "sharpe": 1.382326360037039,
  "final_equity": 2303091385.7201223,
  "avg_turnover": 0.31351054095811487
}