{
  "analysts/src/analysts/chunking.py": 1776812855.5650964,
  "analysts/src/analysts/cli.py": 1776812855.566107,
  "analysts/src/analysts/config.py": 1776812855.5671055,
  "analysts/src/analysts/domain.py": 1776812855.5671055,
  "analysts/src/analysts/embeddings.py": 1776812855.5671055,
  "analysts/src/analysts/extraction.py": 1776812855.5681138,
  "analysts/src/analysts/fetcher.py": 1776812855.5681138,
  "analysts/src/analysts/graphify.py": 1776812855.5691035,
  "analysts/src/analysts/page_selection.py": 1776812855.5691035,
  "analysts/src/analysts/parser.py": 1776812855.5700989,
  "analysts/src/analysts/pdf_images.py": 1776812855.5700989,
  "analysts/src/analysts/pdf_ingest.py": 1776812855.571098,
  "analysts/src/analysts/pdf_text.py": 1776812855.571098,
  "analysts/src/analysts/pipeline.py": 1776812855.5721073,
  "analysts/src/analysts/raw_reports.py": 1776812855.5721073,
  "analysts/src/analysts/router.py": 1776812855.5721073,
  "analysts/src/analysts/runner_entry.py": 1776812855.573097,
  "analysts/src/analysts/storage.py": 1776812855.581091,
  "analysts/src/analysts/summarizer.py": 1776812855.581091,
  "analysts/src/analysts/summary_outputs.py": 1776812855.582097,
  "analysts/src/analysts/telethon_client.py": 1776812855.582097,
  "analysts/src/analysts/watcher.py": 1776812855.582097,
  "analysts/src/analysts/__init__.py": 1776812855.5650964,
  "analysts/src/analysts/sources/__init__.py": 1776812855.573097,
  "analysts/src/analysts/sources/gmail/client.py": 1776812855.5741055,
  "analysts/src/analysts/sources/gmail/dirs.py": 1776812855.575097,
  "analysts/src/analysts/sources/gmail/models.py": 1776812855.575097,
  "analysts/src/analysts/sources/gmail/normalize.py": 1776812855.5760963,
  "analysts/src/analysts/sources/gmail/pipeline.py": 1776812855.5760963,
  "analysts/src/analysts/sources/gmail/storage.py": 1776812855.5771074,
  "analysts/src/analysts/sources/gmail/sync.py": 1776812855.5771074,
  "analysts/src/analysts/sources/gmail/web_capture.py": 1776812855.5781069,
  "analysts/src/analysts/sources/gmail/__init__.py": 1776812855.5741055,
  "analysts/src/analysts/sources/telegram/client.py": 1776812855.5790973,
  "analysts/src/analysts/sources/telegram/fetcher.py": 1776812855.5790973,
  "analysts/src/analysts/sources/telegram/runner.py": 1776812855.5800972,
  "analysts/src/analysts/sources/telegram/watcher.py": 1776812855.5800972,
  "analysts/src/analysts/sources/telegram/__init__.py": 1776812855.5781069
}