{
  "cagr": 0.6663043927590573,
  "mdd": -0.3116069752247985,
  "sharpe": 1.453860638793805,
  "final_equity": 2079034656.7366533,
  "avg_turnover": 0.2739163098688146
}