{
  "cagr": 0.5325783216926803,
  "mdd": -0.26812878875472157,
  "sharpe": 1.3633821147907226,
  "final_equity": 1480661212.2945545,
  "avg_turnover": 0.3378524663424831
}