{
  "cagr": 0.7185808862237018,
  "mdd": -0.34543303376978596,
  "sharpe": 1.5729121477601966,
  "final_equity": 2666400755.5593314,
  "avg_turnover": 0.3452545275879423
}