{
  "cagr": 0.7008038143628017,
  "mdd": -0.24238099127517188,
  "sharpe": 1.81084040971631,
  "final_equity": 2946155193.195208,
  "avg_turnover": 0.2670911391778528
}