{
  "cagr": 0.7681567232889113,
  "mdd": -0.332966555833659,
  "sharpe": 1.1797673752314157,
  "final_equity": 1928398762.336169,
  "avg_turnover": 0.35921666113124817
}