{
  "cagr": 0.8792341500935448,
  "mdd": -0.3571695222651472,
  "sharpe": 1.2294613642048118,
  "final_equity": 2638874829.74447,
  "avg_turnover": 0.33836577435127296
}