{
  "cagr": 0.5436707175865789,
  "mdd": -0.25685675819972664,
  "sharpe": 1.5027788248756533,
  "final_equity": 1730588436.7853832,
  "avg_turnover": 0.3050094007906487
}