{
  "cagr": 0.6528575589867502,
  "mdd": -0.3640658037383814,
  "sharpe": 1.5197290605745495,
  "final_equity": 1989593745.6668305,
  "avg_turnover": 0.3465663831224814
}