{
  "cagr": 0.7280670721206035,
  "mdd": -0.24902457266434563,
  "sharpe": 1.616914203627194,
  "final_equity": 2640237043.423355,
  "avg_turnover": 0.3185343961000066
}