{
  "cagr": 0.8526340480677388,
  "mdd": -0.25609262670039845,
  "sharpe": 2.302752332978641,
  "final_equity": 5476360048.325154,
  "avg_turnover": 0.2565233503854443
}