{
  "cagr": 0.7861584115036322,
  "mdd": -0.48756117804837906,
  "sharpe": 1.1277847482145629,
  "final_equity": 1946686464.5099502,
  "avg_turnover": 0.3457827230526601
}