{
  "cagr": 0.9425043209082433,
  "mdd": -0.49058708916752736,
  "sharpe": 1.215785961609595,
  "final_equity": 3417230570.45984,
  "avg_turnover": 0.3503760460884708
}