{
  "cagr": 0.7306100982109167,
  "mdd": -0.2887468362792548,
  "sharpe": 1.9591560464146212,
  "final_equity": 3592780630.556092,
  "avg_turnover": 0.26680034404586106
}