{
  "cagr": 0.7523730118057339,
  "mdd": -0.25053091501081637,
  "sharpe": 1.189506027492584,
  "final_equity": 1729771424.423393,
  "avg_turnover": 0.35059361537042943
}