{
  "cagr": 0.9096815913828331,
  "mdd": -0.32500830835841665,
  "sharpe": 2.083363885754795,
  "final_equity": 6012980578.61692,
  "avg_turnover": 0.26013941113014144
}