{
  "cagr": 0.9561707395901196,
  "mdd": -0.16676022904646726,
  "sharpe": 2.2229209457961434,
  "final_equity": 5195297520.985008,
  "avg_turnover": 0.2630821419039564
}