{
  "cagr": 0.7526938844522155,
  "mdd": -0.2972567581593625,
  "sharpe": 1.8040509073278408,
  "final_equity": 2633357026.099204,
  "avg_turnover": 0.2736715656667406
}