{
  "cagr": 0.6306997666086795,
  "mdd": -0.26429324785201136,
  "sharpe": 1.749499760402933,
  "final_equity": 2038859517.6979067,
  "avg_turnover": 0.3133438597910203
}