{
  "cagr": 0.6657397457623109,
  "mdd": -0.3375313158426808,
  "sharpe": 1.3357754207655066,
  "final_equity": 2103520733.000517,
  "avg_turnover": 0.31686483471402643
}