{
  "backtesting/run.py": 1776812855.6240964,
  "backtesting/types.py": 1776812855.631097,
  "backtesting/universe.py": 1776812855.6320965,
  "backtesting/__init__.py": 1776812855.597097,
  "backtesting/analytics/factor.py": 1776812855.5980902,
  "backtesting/analytics/perf.py": 1776812855.5980902,
  "backtesting/analytics/__init__.py": 1776812855.597097,
  "backtesting/catalog/catalog.py": 1776812855.5990965,
  "backtesting/catalog/enums.py": 1776812855.6000965,
  "backtesting/catalog/groups.py": 1776812855.6000965,
  "backtesting/catalog/specs.py": 1776812855.601097,
  "backtesting/catalog/__init__.py": 1776812855.5990965,
  "backtesting/construction/base.py": 1776812855.6020992,
  "backtesting/construction/long_only.py": 1776812855.6020992,
  "backtesting/construction/long_short.py": 1776812855.603097,
  "backtesting/construction/sector_neutral.py": 1776812855.603097,
  "backtesting/construction/__init__.py": 1776812855.601097,
  "backtesting/data/loader.py": 1776812855.604097,
  "backtesting/data/policy.py": 1776812855.604097,
  "backtesting/data/store.py": 1776812855.6050959,
  "backtesting/data/__init__.py": 1776812855.603097,
  "backtesting/engine/core.py": 1776812855.606106,
  "backtesting/engine/result.py": 1776812855.606106,
  "backtesting/engine/__init__.py": 1776812855.6050959,
  "backtesting/execution/costs.py": 1776812855.607097,
  "backtesting/execution/fill.py": 1776812855.607097,
  "backtesting/execution/schedule.py": 1776812855.6080961,
  "backtesting/execution/__init__.py": 1776812855.607097,
  "backtesting/ingest/io.py": 1776816362.646039,
  "backtesting/ingest/normalize.py": 1776812855.6090968,
  "backtesting/ingest/pipeline.py": 1776812855.6101053,
  "backtesting/ingest/report.py": 1776812855.6101053,
  "backtesting/ingest/__init__.py": 1776812855.6080961,
  "backtesting/policy/base.py": 1776812855.6110966,
  "backtesting/policy/pass_through.py": 1776812855.6110966,
  "backtesting/policy/staged.py": 1776812855.6120968,
  "backtesting/policy/__init__.py": 1776812855.6110966,
  "backtesting/reporting/analytics.py": 1776812855.6130967,
  "backtesting/reporting/benchmarks.py": 1776812855.6130967,
  "backtesting/reporting/builder.py": 1776812855.614111,
  "backtesting/reporting/cli.py": 1776812855.614111,
  "backtesting/reporting/comparison_figures.py": 1776812855.6151788,
  "backtesting/reporting/composers.py": 1776812855.6151788,
  "backtesting/reporting/figures.py": 1776812855.6160972,
  "backtesting/reporting/html.py": 1776812855.6160972,
  "backtesting/reporting/models.py": 1776812855.6170967,
  "backtesting/reporting/pdf.py": 1776812855.6170967,
  "backtesting/reporting/plots.py": 1776812855.618096,
  "backtesting/reporting/reader.py": 1776812855.618096,
  "backtesting/reporting/snapshots.py": 1776812855.618096,
  "backtesting/reporting/tables.py": 1776812855.6190968,
  "backtesting/reporting/tables_comparison.py": 1776812855.6200967,
  "backtesting/reporting/tables_single.py": 1776812855.6200967,
  "backtesting/reporting/writer.py": 1776812855.6230967,
  "backtesting/reporting/__init__.py": 1776812855.6120968,
  "backtesting/signals/base.py": 1776812855.625101,
  "backtesting/signals/momentum.py": 1776812855.625101,
  "backtesting/signals/op_fwd.py": 1776812855.625101,
  "backtesting/signals/__init__.py": 1776812855.6240964,
  "backtesting/strategies/base.py": 1776812855.6260965,
  "backtesting/strategies/breakout_simple.py": 1776812855.6270964,
  "backtesting/strategies/breakout_staged.py": 1776812855.628097,
  "backtesting/strategies/composable.py": 1776812855.628097,
  "backtesting/strategies/momentum.py": 1776812855.628097,
  "backtesting/strategies/op_fwd.py": 1776812855.629097,
  "backtesting/strategies/registry.py": 1776812855.629097,
  "backtesting/strategies/__init__.py": 1776812855.6260965,
  "backtesting/strategy/base.py": 1776812855.6300967,
  "backtesting/strategy/cross.py": 1776812855.631097,
  "backtesting/strategy/timeseries.py": 1776812855.631097,
  "backtesting/strategy/__init__.py": 1776812855.6300967,
  "backtesting/validation/portfolio.py": 1776812855.6330976,
  "backtesting/validation/session.py": 1776812855.6330976,
  "backtesting/validation/split.py": 1776812855.6330976,
  "backtesting/validation/__init__.py": 1776812855.6320965
}