{
  "cagr": 0.5359786614888613,
  "mdd": -0.2477315576765572,
  "sharpe": 1.413846601121223,
  "final_equity": 1485970988.3131907,
  "avg_turnover": 0.33797486407200983
}