{
  "cagr": 0.6642266280854374,
  "mdd": -0.2446588965397003,
  "sharpe": 1.5805136914548448,
  "final_equity": 2202386810.1049047,
  "avg_turnover": 0.3417951985160644
}