{
  "cagr": 0.7428083571451567,
  "mdd": -0.2046913816338446,
  "sharpe": 2.2196292116973937,
  "final_equity": 3273813430.8385096,
  "avg_turnover": 0.26541808672309125
}