{
  "cagr": 0.9251179865474575,
  "mdd": -0.1912915204867085,
  "sharpe": 1.9959399901040864,
  "final_equity": 5078955563.680765,
  "avg_turnover": 0.26545045437572307
}