{
  "cagr": 0.623125603198635,
  "mdd": -0.3382382251248457,
  "sharpe": 1.6983803344882082,
  "final_equity": 2012127254.890659,
  "avg_turnover": 0.3306504130996887
}