{
  "cagr": 0.7167115781645406,
  "mdd": -0.38191461055079634,
  "sharpe": 1.392254518550217,
  "final_equity": 2821981893.6852436,
  "avg_turnover": 0.35615038374164815
}