{
  "cagr": 0.690096068107634,
  "mdd": -0.23576242556352522,
  "sharpe": 1.6813285164910177,
  "final_equity": 2114673322.857228,
  "avg_turnover": 0.30991196641984287
}